[
  {
    "id": "b7bdb6d5-2aaa-41fb-a215-552d3758c385",
    "data": [
      {
        "text": "what can you able to do?",
        "userDefined": false
      }
    ],
    "isTemplate": false,
    "count": 1,
    "updated": 1519815218
  },
  {
    "id": "68f5589a-d486-44a0-a556-cb55dd80e6a6",
    "data": [
      {
        "text": "i",
        "meta": "@sys.ignore",
        "userDefined": false
      },
      {
        "text": " need a help",
        "userDefined": false
      }
    ],
    "isTemplate": false,
    "count": 0,
    "updated": 1519815218
  }
]