[
  {
    "id": "4ae2ed51-ffb7-48be-8f0a-385870d1e109",
    "data": [
      {
        "text": "bye",
        "userDefined": false
      }
    ],
    "isTemplate": false,
    "count": 0,
    "updated": 0
  },
  {
    "id": "3c0c4ef5-a2c7-413d-945c-75bb520660ed",
    "data": [
      {
        "text": "ttyl",
        "userDefined": false
      }
    ],
    "isTemplate": false,
    "count": 0,
    "updated": 1519819032
  },
  {
    "id": "9b248308-2584-40fa-8215-17c8871ccd08",
    "data": [
      {
        "text": "by by",
        "userDefined": false
      }
    ],
    "isTemplate": false,
    "count": 0,
    "updated": 1519819032
  },
  {
    "id": "b444c9ff-cd9d-4f3a-894c-876790ec6658",
    "data": [
      {
        "text": "bye bye",
        "userDefined": false
      }
    ],
    "isTemplate": false,
    "count": 0,
    "updated": 1519819032
  },
  {
    "id": "0ab2a9fc-b1f1-43e2-acd4-141de29bafcc",
    "data": [
      {
        "text": "talk to you later",
        "userDefined": false
      }
    ],
    "isTemplate": false,
    "count": 0,
    "updated": 1519819032
  },
  {
    "id": "eca5aad6-a36b-4049-a86f-b66dec197f67",
    "data": [
      {
        "text": "i want to quit",
        "userDefined": false
      }
    ],
    "isTemplate": false,
    "count": 0,
    "updated": 1519819032
  },
  {
    "id": "13c1c8a4-1b04-4907-b875-4d7c2091bb97",
    "data": [
      {
        "text": "i\u0027m done now.",
        "userDefined": false
      }
    ],
    "isTemplate": false,
    "count": 0,
    "updated": 1519819032
  }
]